Rk,Wk,Date,Time,Day,Winner,Pts,,Loser,Pts,Notes
1,1,Aug 23 2025,7:30 PM,Sat,Hawaii,23,,Stanford,20,
2,1,Aug 23 2025,12:00 PM,Sat,(22) Iowa State,24,N,(17) Kansas State,21,
3,1,Aug 23 2025,6:30 PM,Sat,Kansas,31,,Fresno State,7,
4,1,Aug 23 2025,4:00 PM,Sat,Nevada-Las Vegas,38,,Idaho State,31,
5,1,Aug 23 2025,7:00 PM,Sat,Western Kentucky,41,,Sam Houston,24,
6,2,Aug 28 2025,8:30 PM,Thu,Alabama-Birmingham,52,,Alabama State,42,
7,2,Aug 28 2025,6:00 PM,Thu,Bowling Green,26,,Lafayette,7,
8,2,Aug 28 2025,7:00 PM,Thu,Central Florida,17,,Jacksonville State,10,
9,2,Aug 28 2025,7:00 PM,Thu,Delaware,35,,Delaware State,17,
10,2,Aug 28 2025,7:30 PM,Thu,Duke,45,,Elon,17,
11,2,Aug 28 2025,8:00 PM,Thu,Houston,27,,Stephen F. Austin,0,
12,2,Aug 28 2025,7:00 PM,Thu,Louisiana-Monroe,29,,St. Francis (PA),0,
13,2,Aug 28 2025,8:00 PM,Thu,Minnesota,23,,Buffalo,10,
14,2,Aug 28 2025,7:30 PM,Thu,Missouri,61,,Central Arkansas,6,
15,2,Aug 28 2025,9:00 PM,Thu,Nebraska,20,N,Cincinnati,17,
16,2,Aug 28 2025,7:00 PM,Thu,North Carolina State,24,,East Carolina,17,
17,2,Aug 28 2025,7:30 PM,Thu,Oklahoma State,27,,Tennessee-Martin,7,
18,2,Aug 28 2025,6:00 PM,Thu,Rutgers,34,,Ohio,31,
19,2,Aug 28 2025,10:00 PM,Thu,San Diego State,42,,Stony Brook,0,
20,2,Aug 28 2025,5:30 PM,Thu,South Florida,34,,(25) Boise State,7,
21,2,Aug 28 2025,9:00 PM,Thu,Wisconsin,17,,Miami (OH),0,
22,2,Aug 28 2025,7:00 PM,Thu,Wyoming,10,@,Akron,0,
23,2,Aug 29 2025,7:00 PM,Fri,Appalachian State,34,@,Charlotte,11,
24,2,Aug 29 2025,8:00 PM,Fri,Auburn,38,@,Baylor,24,
25,2,Aug 29 2025,10:30 PM,Fri,Central Michigan,16,@,San Jose State,14,
26,2,Aug 29 2025,7:00 PM,Fri,Florida International,42,,Bethune-Cookman,9,
27,2,Aug 29 2025,8:00 PM,Fri,Georgia Tech,27,@,Colorado,20,
28,2,Aug 29 2025,7:30 PM,Fri,(12) Illinois,52,,Western Illinois,3,
29,2,Aug 29 2025,7:30 PM,Fri,Kansas,46,,Wagner,7,
30,2,Aug 29 2025,7:00 PM,Fri,Michigan State,23,,Western Michigan,6,
31,2,Aug 29 2025,9:30 PM,Fri,Nevada-Las Vegas,38,@,Sam Houston,21,
32,2,Aug 29 2025,6:00 PM,Fri,Tarleton State,30,@,Army,27,
33,2,Aug 29 2025,7:00 PM,Fri,Wake Forest,10,,Kennesaw State,9,
34,2,Aug 30 2025,3:30 PM,Sat,Air Force,49,,Bucknell,13,
35,2,Aug 30 2025,10:30 PM,Sat,Arizona,40,,Hawaii,6,
36,2,Aug 30 2025,10:00 PM,Sat,(11) Arizona State,38,,Northern Arizona,19,
37,2,Aug 30 2025,4:15 PM,Sat,Arkansas,52,,Alabama A&M,7,
38,2,Aug 30 2025,7:00 PM,Sat,Arkansas State,42,,Southeast Missouri State,24,
39,2,Aug 30 2025,7:00 PM,Sat,Austin Peay,34,@,Middle Tennessee State,14,
40,2,Aug 30 2025,2:00 PM,Sat,Boston College,66,,Fordham,10,
41,2,Aug 30 2025,9:00 PM,Sat,Brigham Young,69,,Portland State,0,
42,2,Aug 30 2025,10:30 PM,Sat,California,34,@,Oregon State,15,
43,2,Aug 30 2025,12:00 PM,Sat,Connecticut,59,,Central Connecticut State,13,
44,2,Aug 30 2025,7:00 PM,Sat,(15) Florida,55,,Long Island,0,
45,2,Aug 30 2025,3:30 PM,Sat,Florida State,31,,(8) Alabama,17,
46,2,Aug 30 2025,9:30 PM,Sat,Fresno State,42,,Georgia Southern,14,
47,2,Aug 30 2025,3:30 PM,Sat,(5) Georgia,45,,Marshall,7,
48,2,Aug 30 2025,2:30 PM,Sat,(20) Indiana,27,,Old Dominion,14,
49,2,Aug 30 2025,6:00 PM,Sat,Iowa,34,,Albany,7,
50,2,Aug 30 2025,3:30 PM,Sat,(22) Iowa State,55,,South Dakota,7,
51,2,Aug 30 2025,6:00 PM,Sat,James Madison,45,,Weber State,10,
52,2,Aug 30 2025,7:00 PM,Sat,(17) Kansas State,38,,North Dakota,35,
53,2,Aug 30 2025,12:00 PM,Sat,Kent State,21,,Merrimack,17,
54,2,Aug 30 2025,12:45 PM,Sat,Kentucky,24,,Toledo,16,
55,2,Aug 30 2025,4:00 PM,Sat,Liberty,28,,Maine,7,
56,2,Aug 30 2025,7:30 PM,Sat,(9) Louisiana State,17,@,(4) Clemson,10,
57,2,Aug 30 2025,7:30 PM,Sat,Louisiana Tech,24,,Southeastern Louisiana,0,
58,2,Aug 30 2025,3:00 PM,Sat,Louisville,51,,Eastern Kentucky,17,
59,2,Aug 30 2025,12:00 PM,Sat,Maryland,39,,Florida Atlantic,7,
60,2,Aug 30 2025,4:30 PM,Sat,Memphis,45,,Chattanooga,10,
61,2,Aug 30 2025,7:30 PM,Sat,(14) Michigan,34,,New Mexico,17,
62,2,Aug 30 2025,7:45 PM,Sat,(21) Mississippi,63,,Georgia State,7,
63,2,Aug 30 2025,12:00 PM,Sat,Mississippi State,34,@,Southern Mississippi,17,
64,2,Aug 30 2025,12:00 PM,Sat,Navy,52,,Virginia Military Institute,7,
65,2,Aug 30 2025,9:00 PM,Sat,New Mexico State,19,,Bryant,3,
66,2,Aug 30 2025,8:00 PM,Sat,North Texas,51,,Lamar,0,
67,2,Aug 30 2025,3:30 PM,Sat,Northern Illinois,19,,Holy Cross,17,
68,2,Aug 30 2025,12:00 PM,Sat,(3) Ohio State,14,,(1) Texas,7,
69,2,Aug 30 2025,6:00 PM,Sat,(18) Oklahoma,35,,Illinois State,3,
70,2,Aug 30 2025,4:00 PM,Sat,(7) Oregon,59,,Montana State,13,
71,2,Aug 30 2025,3:30 PM,Sat,(2) Penn State,46,,Nevada,11,
72,2,Aug 30 2025,12:00 PM,Sat,Pittsburgh,61,,Duquesne,9,
73,2,Aug 30 2025,12:00 PM,Sat,Purdue,31,,Ball State,0,
74,2,Aug 30 2025,8:00 PM,Sat,Rice,14,@,Louisiana,12,
75,2,Aug 30 2025,7:00 PM,Sat,South Alabama,38,,Morgan State,21,
76,2,Aug 30 2025,7:30 PM,Sat,Southern California,73,,Missouri State,13,
77,2,Aug 30 2025,9:00 PM,Sat,(16) Southern Methodist,42,,East Texas A&M,13,
78,2,Aug 30 2025,3:30 PM,Sat,Temple,42,@,Massachusetts,10,
79,2,Aug 30 2025,12:00 PM,Sat,(24) Tennessee,45,N,Syracuse,26,
80,2,Aug 30 2025,7:00 PM,Sat,(19) Texas A&M,42,,Texas-San Antonio,24,
81,2,Aug 30 2025,8:00 PM,Sat,Texas State,52,,Eastern Michigan,27,
82,2,Aug 30 2025,7:30 PM,Sat,(23) Texas Tech,67,,Arkansas-Pine Bluff,7,
83,2,Aug 30 2025,7:00 PM,Sat,Troy,38,,Nicholls State,20,
84,2,Aug 30 2025,12:00 PM,Sat,Tulane,23,,Northwestern,3,
85,2,Aug 30 2025,8:00 PM,Sat,Tulsa,35,,Abilene Christian,7,
86,2,Aug 30 2025,11:00 PM,Sat,Utah,43,@,UCLA,10,
87,2,Aug 30 2025,7:30 PM,Sat,Utah State,28,,Texas-El Paso,16,
88,2,Aug 30 2025,7:00 PM,Sat,Vanderbilt,45,,Charleston Southern,3,
89,2,Aug 30 2025,6:00 PM,Sat,Virginia,48,,Coastal Carolina,7,
90,2,Aug 30 2025,11:00 PM,Sat,Washington,38,,Colorado State,21,
91,2,Aug 30 2025,10:00 PM,Sat,Washington State,13,,Idaho,10,
92,2,Aug 30 2025,2:00 PM,Sat,West Virginia,45,,Robert Morris,3,
93,2,Aug 30 2025,7:00 PM,Sat,Western Kentucky,55,,North Alabama,6,
94,2,Aug 31 2025,7:30 PM,Sun,(10) Miami (FL),27,,(6) Notre Dame,24,
95,2,Aug 31 2025,3:00 PM,Sun,(13) South Carolina,24,N,Virginia Tech,11,
96,2,Sep 1 2025,8:00 PM,Mon,Texas Christian,48,@,North Carolina,14,
97,3,Sep 5 2025,9:00 PM,Fri,Boise State,51,,Eastern Washington,14,
98,3,Sep 5 2025,7:00 PM,Fri,Louisville,28,,James Madison,14,
99,3,Sep 5 2025,7:30 PM,Fri,Maryland,20,,Northern Illinois,9,
100,3,Sep 5 2025,7:30 PM,Fri,Northwestern,42,,Western Illinois,7,
101,3,Sep 6 2025,7:45 PM,Sat,(21) Alabama,73,,Louisiana-Monroe,0,
102,3,Sep 6 2025,3:30 PM,Sat,Appalachian State,20,,Lindenwood,13,
103,3,Sep 6 2025,10:00 PM,Sat,Arizona,48,,Weber State,3,
104,3,Sep 6 2025,5:00 PM,Sat,Arkansas,56,,Arkansas State,14,
105,3,Sep 6 2025,7:00 PM,Sat,Army,24,@,Kansas State,21,
106,3,Sep 6 2025,7:30 PM,Sat,Auburn,42,,Ball State,3,
107,3,Sep 6 2025,12:00 PM,Sat,Baylor,48,@,(17) Southern Methodist,45,
108,3,Sep 6 2025,10:15 PM,Sat,Brigham Young,27,,Stanford,3,
109,3,Sep 6 2025,3:30 PM,Sat,Bryant,27,@,Massachusetts,26,
110,3,Sep 6 2025,3:30 PM,Sat,Buffalo,45,,St. Francis (PA),6,
111,3,Sep 6 2025,6:00 PM,Sat,California,35,,Texas Southern,3,
112,3,Sep 6 2025,7:00 PM,Sat,Central Florida,68,,North Carolina A&T,7,
113,3,Sep 6 2025,3:30 PM,Sat,Cincinnati,34,,Bowling Green,20,
114,3,Sep 6 2025,3:30 PM,Sat,(8) Clemson,27,,Troy,16,
115,3,Sep 6 2025,7:30 PM,Sat,Coastal Carolina,13,,Charleston Southern,0,
116,3,Sep 6 2025,3:30 PM,Sat,Colorado,31,,Delaware,7,
117,3,Sep 6 2025,7:00 PM,Sat,Colorado State,21,,Northern Colorado,17,
118,3,Sep 6 2025,6:00 PM,Sat,East Carolina,56,,Campbell,3,
119,3,Sep 6 2025,6:00 PM,Sat,Florida Atlantic,56,,Florida A&M,14,
120,3,Sep 6 2025,12:00 PM,Sat,(14) Florida State,77,,East Texas A&M,3,
121,3,Sep 6 2025,3:30 PM,Sat,Fresno State,36,@,Oregon State,27,
122,3,Sep 6 2025,3:30 PM,Sat,(4) Georgia,28,,Austin Peay,6,
123,3,Sep 6 2025,3:30 PM,Sat,Georgia Tech,59,,Gardner-Webb,12,
124,3,Sep 6 2025,7:00 PM,Sat,Houston,35,@,Rice,9,
125,3,Sep 6 2025,12:00 PM,Sat,(11) Illinois,45,@,Duke,19,
126,3,Sep 6 2025,12:00 PM,Sat,(23) Indiana,56,,Kennesaw State,9,
127,3,Sep 6 2025,12:00 PM,Sat,(16) Iowa State,16,,Iowa,13,
128,3,Sep 6 2025,12:00 PM,Sat,Jacksonville State,34,,Liberty,24,
129,3,Sep 6 2025,7:00 PM,Sat,Long Island,28,@,Eastern Michigan,23,
130,3,Sep 6 2025,8:00 PM,Sat,Louisiana,34,,McNeese State,10,
131,3,Sep 6 2025,7:30 PM,Sat,(3) Louisiana State,23,,Louisiana Tech,7,
132,3,Sep 6 2025,7:00 PM,Sat,Memphis,38,@,Georgia State,16,
133,3,Sep 6 2025,7:00 PM,Sat,(5) Miami (FL),45,,Bethune-Cookman,3,
134,3,Sep 6 2025,7:30 PM,Sat,Michigan State,42,,Boston College,40,
135,3,Sep 6 2025,12:00 PM,Sat,Minnesota,66,,Northwestern State,0,
136,3,Sep 6 2025,3:30 PM,Sat,(20) Mississippi,30,@,Kentucky,23,
137,3,Sep 6 2025,7:30 PM,Sat,Mississippi State,24,,(12) Arizona State,20,
138,3,Sep 6 2025,3:30 PM,Sat,Missouri,42,,Kansas,31,
139,3,Sep 6 2025,6:00 PM,Sat,Missouri State,21,@,Marshall,20,
140,3,Sep 6 2025,3:30 PM,Sat,Navy,38,,Alabama-Birmingham,24,
141,3,Sep 6 2025,7:30 PM,Sat,Nebraska,68,,Akron,0,
142,3,Sep 6 2025,5:00 PM,Sat,Nevada,20,,Sacramento State,17,
143,3,Sep 6 2025,8:00 PM,Sat,Nevada-Las Vegas,30,,UCLA,23,
144,3,Sep 6 2025,3:00 PM,Sat,New Mexico,32,,Idaho State,22,
145,3,Sep 6 2025,9:00 PM,Sat,New Mexico State,21,,Tulsa,14,
146,3,Sep 6 2025,7:00 PM,Sat,North Carolina,20,@,Charlotte,3,
147,3,Sep 6 2025,12:00 PM,Sat,North Carolina State,35,,Virginia,31,
148,3,Sep 6 2025,3:30 PM,Sat,North Texas,33,@,Western Michigan,30,
149,3,Sep 6 2025,4:00 PM,Sat,Ohio,17,,West Virginia,10,
150,3,Sep 6 2025,3:30 PM,Sat,(1) Ohio State,70,,Grambling State,0,
151,3,Sep 6 2025,7:30 PM,Sat,(18) Oklahoma,24,,(15) Michigan,13,
152,3,Sep 6 2025,6:00 PM,Sat,Old Dominion,54,,North Carolina Central,6,
153,3,Sep 6 2025,3:30 PM,Sat,(6) Oregon,69,,Oklahoma State,3,
154,3,Sep 6 2025,12:00 PM,Sat,(2) Penn State,34,,Florida International,0,
155,3,Sep 6 2025,12:00 PM,Sat,Pittsburgh,45,,Central Michigan,17,
156,3,Sep 6 2025,7:30 PM,Sat,Purdue,34,,Southern Illinois,17,
157,3,Sep 6 2025,3:30 PM,Sat,Rutgers,45,,Miami (OH),17,
158,3,Sep 6 2025,7:00 PM,Sat,(10) South Carolina,38,,South Carolina State,10,
159,3,Sep 6 2025,4:15 PM,Sat,South Florida,18,@,(13) Florida,16,
160,3,Sep 6 2025,7:30 PM,Sat,Southern California,59,,Georgia Southern,20,
161,3,Sep 6 2025,5:00 PM,Sat,Southern Mississippi,38,,Jackson State,20,
162,3,Sep 6 2025,12:00 PM,Sat,Syracuse,27,,Connecticut,20,
163,3,Sep 6 2025,2:00 PM,Sat,Temple,55,,Howard,7,
164,3,Sep 6 2025,3:30 PM,Sat,(22) Tennessee,72,,East Tennessee State,17,
165,3,Sep 6 2025,12:00 PM,Sat,(7) Texas,38,,San Jose State,7,
166,3,Sep 6 2025,12:45 PM,Sat,(19) Texas A&M,44,,Utah State,22,
167,3,Sep 6 2025,3:30 PM,Sat,Texas State,43,@,Texas-San Antonio,36,
168,3,Sep 6 2025,12:00 PM,Sat,(24) Texas Tech,62,,Kent State,14,
169,3,Sep 6 2025,9:00 PM,Sat,Texas-El Paso,42,,Tennessee-Martin,17,
170,3,Sep 6 2025,7:00 PM,Sat,Toledo,45,,Western Kentucky,21,
171,3,Sep 6 2025,7:00 PM,Sat,Tulane,33,@,South Alabama,31,
172,3,Sep 6 2025,6:00 PM,Sat,(25) Utah,63,,Cal Poly,9,
173,3,Sep 6 2025,7:30 PM,Sat,Vanderbilt,44,@,Virginia Tech,20,
174,3,Sep 6 2025,2:00 PM,Sat,Wake Forest,42,,Western Carolina,10,
175,3,Sep 6 2025,11:00 PM,Sat,Washington,70,,California-Davis,10,
176,3,Sep 6 2025,10:15 PM,Sat,Washington State,36,,San Diego State,13,
177,3,Sep 6 2025,4:00 PM,Sat,Wisconsin,42,,Middle Tennessee State,10,
178,3,Sep 6 2025,4:00 PM,Sat,Wyoming,31,,Northern Iowa,7,
179,3,Sep 7 2025,12:00 AM,Sun,Hawaii,37,,Sam Houston,20,
180,4,Sep 11 2025,7:30 PM,Thu,North Carolina State,34,@,Wake Forest,24,
181,4,Sep 12 2025,9:00 PM,Fri,Arizona,23,,Kansas State,17,
182,4,Sep 12 2025,7:30 PM,Fri,Houston,36,,Colorado,20,
183,4,Sep 12 2025,6:30 PM,Fri,(22) Indiana,73,,Indiana State,0,
184,4,Sep 12 2025,10:00 PM,Fri,New Mexico,35,@,UCLA,10,
185,4,Sep 12 2025,7:00 PM,Fri,Syracuse,66,,Colgate,24,
186,4,Sep 13 2025,12:00 PM,Sat,(19) Alabama,38,,Wisconsin,14,
187,4,Sep 13 2025,8:30 PM,Sat,Alabama-Birmingham,31,,Akron,28,
188,4,Sep 13 2025,10:30 PM,Sat,Arizona State,34,,Texas State,15,
189,4,Sep 13 2025,12:45 PM,Sat,(24) Auburn,31,,South Alabama,15,
190,4,Sep 13 2025,2:00 PM,Sat,Ball State,34,,New Hampshire,29,
191,4,Sep 13 2025,12:00 PM,Sat,Baylor,42,,Samford,7,
192,4,Sep 13 2025,5:00 PM,Sat,Bowling Green,23,,Liberty,13,
193,4,Sep 13 2025,12:00 PM,Sat,Buffalo,31,@,Kent State,28,
194,4,Sep 13 2025,10:30 PM,Sat,California,27,,Minnesota,14,
195,4,Sep 13 2025,6:00 PM,Sat,Charlotte,42,,Monmouth,35,
196,4,Sep 13 2025,3:30 PM,Sat,Cincinnati,70,,Northwestern State,0,
197,4,Sep 13 2025,3:00 PM,Sat,Delaware,44,,Connecticut,41,
198,4,Sep 13 2025,7:30 PM,Sat,East Carolina,38,@,Coastal Carolina,0,
199,4,Sep 13 2025,6:00 PM,Sat,Florida International,38,,Florida Atlantic,28,
200,4,Sep 13 2025,10:00 PM,Sat,Fresno State,56,,Southern,7,
201,4,Sep 13 2025,3:30 PM,Sat,(6) Georgia,44,@,(15) Tennessee,41,
202,4,Sep 13 2025,8:00 PM,Sat,Georgia Southern,41,,Jacksonville State,34,
203,4,Sep 13 2025,7:00 PM,Sat,Georgia State,37,,Murray State,21,
204,4,Sep 13 2025,12:00 PM,Sat,Georgia Tech,24,,(12) Clemson,21,
205,4,Sep 13 2025,7:00 PM,Sat,(9) Illinois,38,,Western Michigan,0,
206,4,Sep 13 2025,7:30 PM,Sat,Iowa,47,,Massachusetts,7,
207,4,Sep 13 2025,4:00 PM,Sat,(14) Iowa State,24,@,Arkansas State,16,
208,4,Sep 13 2025,6:00 PM,Sat,Kennesaw State,27,,Merrimack,13,
209,4,Sep 13 2025,7:30 PM,Sat,Kentucky,48,,Eastern Michigan,23,
210,4,Sep 13 2025,7:30 PM,Sat,(3) Louisiana State,20,,Florida,10,
211,4,Sep 13 2025,7:30 PM,Sat,Louisiana Tech,49,,New Mexico State,14,
212,4,Sep 13 2025,6:00 PM,Sat,Marshall,38,,Eastern Kentucky,7,
213,4,Sep 13 2025,12:00 PM,Sat,Maryland,44,,Towson,17,
214,4,Sep 13 2025,12:00 PM,Sat,Memphis,28,@,Troy,7,
215,4,Sep 13 2025,4:30 PM,Sat,(5) Miami (FL),49,,(18) South Florida,12,
216,4,Sep 13 2025,12:00 PM,Sat,(23) Michigan,63,,Central Michigan,3,
217,4,Sep 13 2025,3:30 PM,Sat,Michigan State,41,,Youngstown State,24,
218,4,Sep 13 2025,5:00 PM,Sat,Middle Tennessee State,14,@,Nevada,13,
219,4,Sep 13 2025,7:00 PM,Sat,(17) Mississippi,41,,Arkansas,35,
220,4,Sep 13 2025,6:00 PM,Sat,Mississippi State,63,,Alcorn State,0,
221,4,Sep 13 2025,4:00 PM,Sat,(25) Missouri,52,,Louisiana,10,
222,4,Sep 13 2025,8:00 PM,Sat,Navy,42,@,Tulsa,23,
223,4,Sep 13 2025,12:00 PM,Sat,Nebraska,59,,Houston Baptist,7,
224,4,Sep 13 2025,3:30 PM,Sat,North Carolina,41,,Richmond,6,
225,4,Sep 13 2025,3:30 PM,Sat,North Texas,59,,Washington State,10,
226,4,Sep 13 2025,7:00 PM,Sat,(1) Ohio State,37,,Ohio,9,
227,4,Sep 13 2025,12:00 PM,Sat,(13) Oklahoma,42,@,Temple,3,
228,4,Sep 13 2025,7:00 PM,Sat,Old Dominion,45,@,Virginia Tech,26,
229,4,Sep 13 2025,12:00 PM,Sat,(4) Oregon,34,@,Northwestern,14,
230,4,Sep 13 2025,3:30 PM,Sat,(2) Penn State,52,,Villanova,6,
231,4,Sep 13 2025,7:00 PM,Sat,Rice,38,,Prairie View A&M,17,
232,4,Sep 13 2025,3:30 PM,Sat,Rutgers,60,,Norfolk State,10,
233,4,Sep 13 2025,3:30 PM,Sat,Southern California,33,@,Purdue,17,
234,4,Sep 13 2025,3:30 PM,Sat,Southern Methodist,28,@,Missouri State,10,
235,4,Sep 13 2025,7:00 PM,Sat,Southern Mississippi,38,,Appalachian State,22,
236,4,Sep 13 2025,10:30 PM,Sat,Stanford,30,,Boston College,20,
237,4,Sep 13 2025,4:15 PM,Sat,(7) Texas,27,,Texas-El Paso,10,
238,4,Sep 13 2025,7:30 PM,Sat,(16) Texas A&M,41,@,(8) Notre Dame,40,
239,4,Sep 13 2025,8:00 PM,Sat,Texas Christian,42,,Abilene Christian,21,
240,4,Sep 13 2025,3:30 PM,Sat,(21) Texas Tech,45,,Oregon State,14,
241,4,Sep 13 2025,3:30 PM,Sat,Texas-San Antonio,48,,Incarnate Word,20,
242,4,Sep 13 2025,3:30 PM,Sat,Toledo,60,,Morgan State,0,
243,4,Sep 13 2025,8:00 PM,Sat,Tulane,34,,Duke,27,
244,4,Sep 13 2025,8:00 PM,Sat,(20) Utah,31,@,Wyoming,6,
245,4,Sep 13 2025,9:45 PM,Sat,Utah State,49,,Air Force,30,
246,4,Sep 13 2025,7:45 PM,Sat,Vanderbilt,31,@,(11) South Carolina,7,
247,4,Sep 13 2025,12:00 PM,Sat,Virginia,55,,William & Mary,16,
248,4,Sep 13 2025,3:30 PM,Sat,West Virginia,31,,Pittsburgh,24,
249,4,Sep 14 2025,12:00 AM,Sun,Hawaii,23,,Portland State,3,
250,5,Sep 18 2025,7:30 PM,Thu,Rice,28,@,Charlotte,17,
251,5,Sep 19 2025,8:00 PM,Fri,Iowa,38,@,Rutgers,28,
252,5,Sep 19 2025,7:30 PM,Fri,Tulsa,19,@,Oklahoma State,12,
253,5,Sep 20 2025,6:00 PM,Sat,Akron,51,,Duquesne,7,
254,5,Sep 20 2025,7:30 PM,Sat,Arizona State,27,@,Baylor,24,
255,5,Sep 20 2025,7:00 PM,Sat,Boise State,49,@,Air Force,37,
256,5,Sep 20 2025,7:30 PM,Sat,Brigham Young,34,@,East Carolina,13,
257,5,Sep 20 2025,3:30 PM,Sat,Central Florida,34,,North Carolina,9,
258,5,Sep 20 2025,1:00 PM,Sat,Central Michigan,49,,Wagner,10,
259,5,Sep 20 2025,7:00 PM,Sat,Coastal Carolina,38,@,South Alabama,20,
260,5,Sep 20 2025,10:15 PM,Sat,Colorado,37,,Wyoming,20,
261,5,Sep 20 2025,3:30 PM,Sat,Connecticut,31,,Ball State,25,
262,5,Sep 20 2025,6:00 PM,Sat,Delaware,38,@,Florida International,16,
263,5,Sep 20 2025,4:00 PM,Sat,Duke,45,,North Carolina State,33,
264,5,Sep 20 2025,3:30 PM,Sat,Eastern Michigan,34,,Louisiana,31,
265,5,Sep 20 2025,3:30 PM,Sat,(7) Florida State,66,,Kent State,10,
266,5,Sep 20 2025,7:00 PM,Sat,Georgia Southern,45,,Maine,17,
267,5,Sep 20 2025,4:30 PM,Sat,(18) Georgia Tech,45,,Temple,24,
268,5,Sep 20 2025,7:30 PM,Sat,(19) Indiana,63,,(9) Illinois,10,
269,5,Sep 20 2025,7:00 PM,Sat,Jacksonville State,45,,Murray State,10,
270,5,Sep 20 2025,3:30 PM,Sat,James Madison,31,@,Liberty,13,
271,5,Sep 20 2025,6:00 PM,Sat,Kansas,41,,West Virginia,10,
272,5,Sep 20 2025,6:00 PM,Sat,Kennesaw State,28,,Arkansas State,21,
273,5,Sep 20 2025,7:45 PM,Sat,(3) Louisiana State,56,,Southeastern Louisiana,10,
274,5,Sep 20 2025,7:30 PM,Sat,Louisiana Tech,30,,Southern Mississippi,20,
275,5,Sep 20 2025,9:00 PM,Sat,Louisiana-Monroe,31,@,Texas-El Paso,25,
276,5,Sep 20 2025,12:00 PM,Sat,Louisville,40,,Bowling Green,17,
277,5,Sep 20 2025,7:00 PM,Sat,Marshall,42,@,Middle Tennessee State,28,
278,5,Sep 20 2025,12:00 PM,Sat,Maryland,27,@,Wisconsin,10,
279,5,Sep 20 2025,12:00 PM,Sat,Memphis,32,,Arkansas,31,
280,5,Sep 20 2025,7:30 PM,Sat,(4) Miami (FL),26,,Florida,7,
281,5,Sep 20 2025,3:30 PM,Sat,(21) Michigan,30,@,Nebraska,27,
282,5,Sep 20 2025,3:30 PM,Sat,(13) Mississippi,45,,Tulane,10,
283,5,Sep 20 2025,4:15 PM,Sat,Mississippi State,38,,Northern Illinois,10,
284,5,Sep 20 2025,7:00 PM,Sat,(23) Missouri,29,,South Carolina,20,
285,5,Sep 20 2025,7:00 PM,Sat,Missouri State,42,,Tennessee-Martin,10,
286,5,Sep 20 2025,12:00 PM,Sat,Nevada-Las Vegas,41,@,Miami (OH),38,
287,5,Sep 20 2025,12:00 PM,Sat,North Texas,45,@,Army,38,
288,5,Sep 20 2025,3:30 PM,Sat,(24) Notre Dame,56,,Purdue,30,
289,5,Sep 20 2025,3:30 PM,Sat,Ohio,52,,Gardner-Webb,35,
290,5,Sep 20 2025,3:30 PM,Sat,(11) Oklahoma,24,,(22) Auburn,17,
291,5,Sep 20 2025,3:00 PM,Sat,(6) Oregon,41,,Oregon State,7,
292,5,Sep 20 2025,10:30 PM,Sat,San Diego State,34,,California,0,
293,5,Sep 20 2025,5:00 PM,Sat,San Jose State,31,,Idaho,28,
294,5,Sep 20 2025,12:00 PM,Sat,South Florida,63,,South Carolina State,14,
295,5,Sep 20 2025,11:00 PM,Sat,(25) Southern California,45,,Michigan State,31,
296,5,Sep 20 2025,12:00 PM,Sat,Syracuse,34,@,Clemson,21,
297,5,Sep 20 2025,12:45 PM,Sat,(15) Tennessee,56,,Alabama-Birmingham,24,
298,5,Sep 20 2025,8:00 PM,Sat,(8) Texas,55,,Sam Houston,0,
299,5,Sep 20 2025,12:00 PM,Sat,Texas Christian,35,,Southern Methodist,24,
300,5,Sep 20 2025,8:00 PM,Sat,Texas State,35,,Nicholls State,3,
301,5,Sep 20 2025,12:00 PM,Sat,(17) Texas Tech,34,@,(16) Utah,10,
302,5,Sep 20 2025,9:30 PM,Sat,Texas-San Antonio,17,@,Colorado State,16,
303,5,Sep 20 2025,3:30 PM,Sat,Troy,21,@,Buffalo,17,
304,5,Sep 20 2025,8:00 PM,Sat,Utah State,48,,McNeese State,7,
305,5,Sep 20 2025,7:30 PM,Sat,(20) Vanderbilt,70,,Georgia State,21,
306,5,Sep 20 2025,7:30 PM,Sat,Virginia,48,,Stanford,20,
307,5,Sep 20 2025,12:00 PM,Sat,Virginia Tech,38,,Wofford,6,
308,5,Sep 20 2025,7:30 PM,Sat,Washington,59,@,Washington State,24,
309,5,Sep 20 2025,7:00 PM,Sat,Western Kentucky,31,,Nevada,16,
310,5,Sep 20 2025,3:30 PM,Sat,Western Michigan,14,,Toledo,13,
311,5,Sep 21 2025,12:00 AM,Sun,Fresno State,23,@,Hawaii,21,
312,6,Sep 25 2025,7:30 PM,Thu,East Carolina,28,,Army,6,
313,6,Sep 26 2025,9:00 PM,Fri,Arizona State,27,,(24) Texas Christian,24,
314,6,Sep 26 2025,10:30 PM,Fri,Houston,27,@,Oregon State,24,
315,6,Sep 26 2025,7:00 PM,Fri,Virginia,46,,(8) Florida State,38,
316,6,Sep 27 2025,7:30 PM,Sat,(17) Alabama,24,@,(5) Georgia,21,
317,6,Sep 27 2025,3:30 PM,Sat,Baylor,45,@,Oklahoma State,27,
318,6,Sep 27 2025,7:30 PM,Sat,Boise State,47,,Appalachian State,14,
319,6,Sep 27 2025,10:15 PM,Sat,(25) Brigham Young,24,@,Colorado,21,
320,6,Sep 27 2025,3:30 PM,Sat,California,28,@,Boston College,24,
321,6,Sep 27 2025,1:00 PM,Sat,Central Michigan,24,,Eastern Michigan,13,
322,6,Sep 27 2025,12:00 PM,Sat,Cincinnati,37,@,Kansas,34,
323,6,Sep 27 2025,3:30 PM,Sat,Connecticut,20,@,Buffalo,17,
324,6,Sep 27 2025,12:00 PM,Sat,Duke,38,@,Syracuse,3,
325,6,Sep 27 2025,12:00 PM,Sat,(16) Georgia Tech,30,@,Wake Forest,29,
326,6,Sep 27 2025,4:10 PM,Sat,Hawaii,44,@,Air Force,35,
327,6,Sep 27 2025,12:00 PM,Sat,(23) Illinois,34,,(21) Southern California,32,
328,6,Sep 27 2025,3:30 PM,Sat,(11) Indiana,20,@,Iowa,15,
329,6,Sep 27 2025,7:00 PM,Sat,(14) Iowa State,39,,Arizona,14,
330,6,Sep 27 2025,1:30 PM,Sat,James Madison,35,,Georgia Southern,10,
331,6,Sep 27 2025,12:00 PM,Sat,Kansas State,34,,Central Florida,20,
332,6,Sep 27 2025,6:00 PM,Sat,Kennesaw State,24,,Middle Tennessee State,16,
333,6,Sep 27 2025,8:00 PM,Sat,Louisiana,54,,Marshall,51,
334,6,Sep 27 2025,9:00 PM,Sat,Louisiana Tech,30,@,Texas-El Paso,11,
335,6,Sep 27 2025,3:00 PM,Sat,Louisiana-Monroe,28,,Arkansas State,16,
336,6,Sep 27 2025,12:00 PM,Sat,Louisville,34,@,Pittsburgh,27,
337,6,Sep 27 2025,7:00 PM,Sat,Memphis,55,@,Florida Atlantic,26,
338,6,Sep 27 2025,3:30 PM,Sat,Miami (OH),38,,Lindenwood,0,
339,6,Sep 27 2025,12:00 PM,Sat,Minnesota,31,,Rutgers,28,
340,6,Sep 27 2025,3:30 PM,Sat,(13) Mississippi,24,,(4) Louisiana State,19,
341,6,Sep 27 2025,7:30 PM,Sat,(20) Missouri,42,,Massachusetts,6,
342,6,Sep 27 2025,3:30 PM,Sat,Navy,21,,Rice,13,
343,6,Sep 27 2025,4:00 PM,Sat,New Mexico,38,,New Mexico State,20,
344,6,Sep 27 2025,12:00 PM,Sat,North Texas,36,,South Alabama,22,
345,6,Sep 27 2025,3:30 PM,Sat,Northwestern,17,,UCLA,14,
346,6,Sep 27 2025,12:00 PM,Sat,(22) Notre Dame,56,@,Arkansas,13,
347,6,Sep 27 2025,12:00 PM,Sat,Ohio,35,,Bowling Green,20,
348,6,Sep 27 2025,3:30 PM,Sat,(1) Ohio State,24,@,Washington,6,
349,6,Sep 27 2025,6:00 PM,Sat,Old Dominion,21,,Liberty,7,
350,6,Sep 27 2025,7:30 PM,Sat,(6) Oregon,30,@,(3) Penn State,24,
351,6,Sep 27 2025,3:30 PM,Sat,San Diego State,6,@,Northern Illinois,3,
352,6,Sep 27 2025,7:45 PM,Sat,South Carolina,35,,Kentucky,13,
353,6,Sep 27 2025,7:00 PM,Sat,Southern Mississippi,42,,Jacksonville State,25,
354,6,Sep 27 2025,7:30 PM,Sat,Stanford,30,,San Jose State,29,
355,6,Sep 27 2025,4:15 PM,Sat,(15) Tennessee,41,@,Mississippi State,34,
356,6,Sep 27 2025,3:30 PM,Sat,(9) Texas A&M,16,,Auburn,10,
357,6,Sep 27 2025,3:30 PM,Sat,Toledo,45,,Akron,3,
358,6,Sep 27 2025,4:00 PM,Sat,Tulane,31,@,Tulsa,14,
359,6,Sep 27 2025,3:30 PM,Sat,Utah,48,@,West Virginia,14,
360,6,Sep 27 2025,12:45 PM,Sat,(18) Vanderbilt,55,,Utah State,35,
361,6,Sep 27 2025,7:00 PM,Sat,Virginia Tech,23,@,North Carolina State,21,
362,6,Sep 27 2025,7:30 PM,Sat,Washington State,20,@,Colorado State,3,
363,6,Sep 27 2025,7:00 PM,Sat,Western Kentucky,27,@,Missouri State,22,
364,6,Sep 27 2025,6:30 PM,Sat,Western Michigan,47,,Rhode Island,14,
365,7,Oct 2 2025,9:00 PM,Thu,New Mexico State,37,,Sam Houston,10,
366,7,Oct 3 2025,10:30 PM,Fri,(23) Brigham Young,38,,West Virginia,24,
367,7,Oct 3 2025,10:30 PM,Fri,San Diego State,45,,Colorado State,24,
368,7,Oct 3 2025,10:00 PM,Fri,San Jose State,35,,New Mexico,28,
369,7,Oct 3 2025,7:00 PM,Fri,South Florida,54,,Charlotte,26,
370,7,Oct 3 2025,7:00 PM,Fri,Western Kentucky,27,@,Delaware,24,
371,7,Oct 4 2025,3:30 PM,Sat,Akron,28,,Central Michigan,22,
372,7,Oct 4 2025,3:30 PM,Sat,(10) Alabama,30,,(16) Vanderbilt,14,
373,7,Oct 4 2025,3:30 PM,Sat,Appalachian State,27,,Oregon State,23,
374,7,Oct 4 2025,2:00 PM,Sat,Arizona,41,,Oklahoma State,13,
375,7,Oct 4 2025,4:00 PM,Sat,Arkansas State,31,,Texas State,30,
376,7,Oct 4 2025,12:00 PM,Sat,Army,31,@,Alabama-Birmingham,13,
377,7,Oct 4 2025,12:00 PM,Sat,Ball State,20,,Ohio,14,
378,7,Oct 4 2025,12:00 PM,Sat,Baylor,35,,Kansas State,34,
379,7,Oct 4 2025,3:30 PM,Sat,Buffalo,31,,Eastern Michigan,30,
380,7,Oct 4 2025,12:00 PM,Sat,Cincinnati,38,,(14) Iowa State,30,
381,7,Oct 4 2025,12:00 PM,Sat,Clemson,38,@,North Carolina,10,
382,7,Oct 4 2025,3:30 PM,Sat,Connecticut,51,,Florida International,10,
383,7,Oct 4 2025,10:30 PM,Sat,Duke,45,@,California,21,
384,7,Oct 4 2025,3:30 PM,Sat,Florida,29,,(9) Texas,21,
385,7,Oct 4 2025,7:00 PM,Sat,Florida Atlantic,27,@,Rice,21,
386,7,Oct 4 2025,10:30 PM,Sat,Fresno State,20,,Nevada,17,
387,7,Oct 4 2025,12:00 PM,Sat,(12) Georgia,35,,Kentucky,14,
388,7,Oct 4 2025,12:00 PM,Sat,(22) Illinois,43,@,Purdue,27,
389,7,Oct 4 2025,3:30 PM,Sat,James Madison,14,@,Georgia State,7,
390,7,Oct 4 2025,7:30 PM,Sat,Kansas,27,@,Central Florida,20,
391,7,Oct 4 2025,8:00 PM,Sat,Memphis,45,,Tulsa,7,
392,7,Oct 4 2025,7:30 PM,Sat,(3) Miami (FL),28,@,(18) Florida State,22,
393,7,Oct 4 2025,3:30 PM,Sat,Miami (OH),25,@,Northern Illinois,14,
394,7,Oct 4 2025,12:00 PM,Sat,(20) Michigan,24,,Wisconsin,10,
395,7,Oct 4 2025,12:00 PM,Sat,Navy,34,,Air Force,31,
396,7,Oct 4 2025,4:00 PM,Sat,Nebraska,38,,Michigan State,27,
397,7,Oct 4 2025,7:00 PM,Sat,Nevada-Las Vegas,31,@,Wyoming,17,
398,7,Oct 4 2025,2:00 PM,Sat,North Carolina State,56,,Campbell,10,
399,7,Oct 4 2025,3:30 PM,Sat,Northwestern,42,,Louisiana-Monroe,7,
400,7,Oct 4 2025,3:30 PM,Sat,(21) Notre Dame,28,,Boise State,7,
401,7,Oct 4 2025,7:30 PM,Sat,(1) Ohio State,42,,Minnesota,3,
402,7,Oct 4 2025,4:00 PM,Sat,(5) Oklahoma,44,,Kent State,0,
403,7,Oct 4 2025,6:00 PM,Sat,Old Dominion,47,,Coastal Carolina,7,
404,7,Oct 4 2025,12:00 PM,Sat,Pittsburgh,48,,Boston College,7,
405,7,Oct 4 2025,3:30 PM,Sat,Southern Methodist,31,,Syracuse,18,
406,7,Oct 4 2025,1:00 PM,Sat,Temple,27,,Texas-San Antonio,21,
407,7,Oct 4 2025,7:30 PM,Sat,(6) Texas A&M,31,,Mississippi State,9,
408,7,Oct 4 2025,7:30 PM,Sat,Texas Christian,35,,Colorado,21,
409,7,Oct 4 2025,7:00 PM,Sat,(11) Texas Tech,35,@,Houston,11,
410,7,Oct 4 2025,7:00 PM,Sat,Troy,31,,South Alabama,24,
411,7,Oct 4 2025,3:30 PM,Sat,UCLA,42,,(7) Penn State,37,
412,7,Oct 4 2025,3:30 PM,Sat,(24) Virginia,30,@,Louisville,27,
413,7,Oct 4 2025,1:00 PM,Sat,Wake Forest,30,@,Virginia Tech,23,
414,7,Oct 4 2025,3:30 PM,Sat,Washington,24,@,Maryland,20,
415,7,Oct 4 2025,2:30 PM,Sat,Western Michigan,21,@,Massachusetts,3,
416,8,Oct 8 2025,8:00 PM,Wed,Liberty,19,@,Texas-El Paso,8,
417,8,Oct 8 2025,7:30 PM,Wed,Missouri State,22,@,Middle Tennessee State,20,
418,8,Oct 9 2025,8:00 PM,Thu,Jacksonville State,29,@,Sam Houston,27,
419,8,Oct 9 2025,7:00 PM,Thu,Kennesaw State,35,,Louisiana Tech,7,
420,8,Oct 9 2025,8:00 PM,Thu,Southern Mississippi,38,@,Georgia Southern,35,
421,8,Oct 9 2025,7:30 PM,Thu,Tulane,26,,East Carolina,19,
422,8,Oct 10 2025,9:00 PM,Fri,Colorado State,49,,Fresno State,21,
423,8,Oct 10 2025,7:30 PM,Fri,(24) South Florida,63,@,North Texas,36,
424,8,Oct 10 2025,9:00 PM,Fri,Washington,38,,Rutgers,19,
425,8,Oct 11 2025,12:00 PM,Sat,(8) Alabama,27,@,(14) Missouri,24,
426,8,Oct 11 2025,3:30 PM,Sat,Appalachian State,41,@,Georgia State,20,
427,8,Oct 11 2025,12:00 PM,Sat,Army,24,,Charlotte,7,
428,8,Oct 11 2025,9:45 PM,Sat,Boise State,41,,New Mexico,25,
429,8,Oct 11 2025,12:00 PM,Sat,Bowling Green,28,,Toledo,23,
430,8,Oct 11 2025,8:00 PM,Sat,(18) Brigham Young,33,@,Arizona,27,
431,8,Oct 11 2025,12:00 PM,Sat,Cincinnati,20,,Central Florida,11,
432,8,Oct 11 2025,7:30 PM,Sat,Clemson,41,@,Boston College,10,
433,8,Oct 11 2025,7:00 PM,Sat,Coastal Carolina,23,,Louisiana-Monroe,8,
434,8,Oct 11 2025,3:30 PM,Sat,Colorado,24,,(22) Iowa State,17,
435,8,Oct 11 2025,1:00 PM,Sat,Eastern Michigan,16,,Northern Illinois,10,
436,8,Oct 11 2025,6:00 PM,Sat,Florida Atlantic,53,,Alabama-Birmingham,33,
437,8,Oct 11 2025,7:30 PM,Sat,(10) Georgia,20,@,Auburn,10,
438,8,Oct 11 2025,3:30 PM,Sat,(13) Georgia Tech,35,,Virginia Tech,20,
439,8,Oct 11 2025,12:00 PM,Sat,Houston,39,@,Oklahoma State,17,
440,8,Oct 11 2025,3:30 PM,Sat,(7) Indiana,30,@,(3) Oregon,20,
441,8,Oct 11 2025,7:00 PM,Sat,Iowa,37,@,Wisconsin,0,
442,8,Oct 11 2025,12:00 PM,Sat,James Madison,24,,Louisiana,14,
443,8,Oct 11 2025,3:30 PM,Sat,Kansas State,41,,Texas Christian,28,
444,8,Oct 11 2025,2:30 PM,Sat,Kent State,42,,Massachusetts,6,
445,8,Oct 11 2025,7:45 PM,Sat,(11) Louisiana State,20,,South Carolina,10,
446,8,Oct 11 2025,3:30 PM,Sat,Marshall,48,,Old Dominion,24,
447,8,Oct 11 2025,12:00 PM,Sat,Miami (OH),20,@,Akron,7,
448,8,Oct 11 2025,7:30 PM,Sat,Minnesota,27,,Purdue,20,
449,8,Oct 11 2025,12:45 PM,Sat,(4) Mississippi,24,,Washington State,21,
450,8,Oct 11 2025,4:00 PM,Sat,Navy,32,@,Temple,31,
451,8,Oct 11 2025,3:30 PM,Sat,Nebraska,34,@,Maryland,31,
452,8,Oct 11 2025,3:30 PM,Sat,Nevada-Las Vegas,51,,Air Force,48,
453,8,Oct 11 2025,3:30 PM,Sat,Northwestern,22,@,Penn State,21,
454,8,Oct 11 2025,3:30 PM,Sat,(16) Notre Dame,36,,North Carolina State,7,
455,8,Oct 11 2025,12:00 PM,Sat,(1) Ohio State,34,@,(17) Illinois,16,
456,8,Oct 11 2025,12:00 PM,Sat,Pittsburgh,34,@,(25) Florida State,31,
457,8,Oct 11 2025,10:30 PM,Sat,San Diego State,44,@,Nevada,10,
458,8,Oct 11 2025,7:30 PM,Sat,Southern California,31,,(15) Michigan,13,
459,8,Oct 11 2025,12:00 PM,Sat,Southern Methodist,34,,Stanford,10,
460,8,Oct 11 2025,4:15 PM,Sat,(12) Tennessee,34,,Arkansas,31,
461,8,Oct 11 2025,3:30 PM,Sat,Texas,23,N,(6) Oklahoma,6,
462,8,Oct 11 2025,7:00 PM,Sat,(5) Texas A&M,34,,Florida,17,
463,8,Oct 11 2025,7:30 PM,Sat,(9) Texas Tech,42,,Kansas,17,
464,8,Oct 11 2025,7:30 PM,Sat,Texas-San Antonio,61,,Rice,13,
465,8,Oct 11 2025,8:00 PM,Sat,Troy,48,@,Texas State,41,
466,8,Oct 11 2025,12:00 PM,Sat,UCLA,38,@,Michigan State,13,
467,8,Oct 11 2025,10:15 PM,Sat,Utah,42,,(21) Arizona State,10,
468,8,Oct 11 2025,3:30 PM,Sat,Wake Forest,39,@,Oregon State,14,
469,8,Oct 11 2025,3:30 PM,Sat,Western Michigan,42,,Ball State,0,
470,8,Oct 11 2025,7:00 PM,Sat,Wyoming,35,,San Jose State,28,
471,8,Oct 12 2025,12:00 AM,Sun,Hawaii,44,,Utah State,26,
472,9,Oct 14 2025,7:30 PM,Tue,Arkansas State,15,@,South Alabama,14,
473,9,Oct 14 2025,8:00 PM,Tue,Florida International,25,@,Western Kentucky,6,
474,9,Oct 14 2025,7:00 PM,Tue,Liberty,30,,New Mexico State,27,
475,9,Oct 15 2025,7:00 PM,Wed,Jacksonville State,38,,Delaware,25,
476,9,Oct 15 2025,7:00 PM,Wed,Texas-El Paso,35,@,Sam Houston,17,
477,9,Oct 16 2025,7:00 PM,Thu,East Carolina,41,,Tulsa,27,
478,9,Oct 17 2025,10:30 PM,Fri,California,21,,North Carolina,18,
479,9,Oct 17 2025,7:00 PM,Fri,Louisville,24,@,(2) Miami (FL),21,
480,9,Oct 17 2025,8:00 PM,Fri,Minnesota,24,,(25) Nebraska,6,
481,9,Oct 17 2025,9:00 PM,Fri,Utah State,30,,San Jose State,25,
482,9,Oct 18 2025,3:30 PM,Sat,Air Force,24,,Wyoming,21,
483,9,Oct 18 2025,7:30 PM,Sat,(6) Alabama,37,,(11) Tennessee,20,
484,9,Oct 18 2025,4:00 PM,Sat,Alabama-Birmingham,31,,(22) Memphis,24,
485,9,Oct 18 2025,4:00 PM,Sat,Arizona State,26,,(7) Texas Tech,22,
486,9,Oct 18 2025,3:30 PM,Sat,Ball State,42,,Akron,28,
487,9,Oct 18 2025,3:30 PM,Sat,Boise State,56,,Nevada-Las Vegas,31,
488,9,Oct 18 2025,8:00 PM,Sat,(15) Brigham Young,24,,(23) Utah,21,
489,9,Oct 18 2025,2:30 PM,Sat,Buffalo,28,@,Massachusetts,21,
490,9,Oct 18 2025,1:00 PM,Sat,Central Florida,45,,West Virginia,13,
491,9,Oct 18 2025,12:00 PM,Sat,Central Michigan,27,@,Bowling Green,6,
492,9,Oct 18 2025,8:00 PM,Sat,(24) Cincinnati,49,@,Oklahoma State,17,
493,9,Oct 18 2025,3:30 PM,Sat,Coastal Carolina,45,@,Appalachian State,37,
494,9,Oct 18 2025,12:00 PM,Sat,Connecticut,38,@,Boston College,23,
495,9,Oct 18 2025,4:15 PM,Sat,Florida,23,,Mississippi State,21,
496,9,Oct 18 2025,3:30 PM,Sat,(9) Georgia,43,,(5) Mississippi,35,
497,9,Oct 18 2025,7:00 PM,Sat,Georgia Southern,41,,Georgia State,24,
498,9,Oct 18 2025,12:00 PM,Sat,(12) Georgia Tech,27,@,Duke,18,
499,9,Oct 18 2025,7:00 PM,Sat,Hawaii,31,@,Colorado State,19,
500,9,Oct 18 2025,12:00 PM,Sat,Houston,31,,Arizona,28,
501,9,Oct 18 2025,3:30 PM,Sat,(3) Indiana,38,,Michigan State,13,
502,9,Oct 18 2025,7:00 PM,Sat,Iowa,25,,Penn State,24,
503,9,Oct 18 2025,3:30 PM,Sat,James Madison,63,,Old Dominion,27,
504,9,Oct 18 2025,3:30 PM,Sat,Marshall,40,,Texas State,37,
505,9,Oct 18 2025,12:00 PM,Sat,Miami (OH),44,,Eastern Michigan,30,
506,9,Oct 18 2025,12:00 PM,Sat,Michigan,24,,Washington,7,
507,9,Oct 18 2025,7:45 PM,Sat,(16) Missouri,23,@,Auburn,17,
508,9,Oct 18 2025,9:45 PM,Sat,New Mexico,24,,Nevada,22,
509,9,Oct 18 2025,3:30 PM,Sat,North Texas,55,,Texas-San Antonio,17,
510,9,Oct 18 2025,3:00 PM,Sat,Northwestern,19,,Purdue,0,
511,9,Oct 18 2025,7:30 PM,Sat,(13) Notre Dame,34,,(20) Southern California,24,
512,9,Oct 18 2025,3:30 PM,Sat,Ohio,48,,Northern Illinois,21,
513,9,Oct 18 2025,3:30 PM,Sat,(1) Ohio State,34,@,Wisconsin,0,
514,9,Oct 18 2025,12:45 PM,Sat,(14) Oklahoma,26,@,South Carolina,7,
515,9,Oct 18 2025,6:30 PM,Sat,(8) Oregon,56,@,Rutgers,10,
516,9,Oct 18 2025,10:00 PM,Sat,Oregon State,45,,Lafayette,13,
517,9,Oct 18 2025,7:30 PM,Sat,Pittsburgh,30,@,Syracuse,13,
518,9,Oct 18 2025,7:30 PM,Sat,(19) South Florida,48,,Florida Atlantic,13,
519,9,Oct 18 2025,3:30 PM,Sat,Southern Methodist,35,@,Clemson,24,
520,9,Oct 18 2025,5:00 PM,Sat,Southern Mississippi,22,@,Louisiana,10,
521,9,Oct 18 2025,10:30 PM,Sat,Stanford,20,,Florida State,13,
522,9,Oct 18 2025,3:30 PM,Sat,Temple,49,@,Charlotte,14,
523,9,Oct 18 2025,7:00 PM,Sat,(21) Texas,16,@,Kentucky,13,
524,9,Oct 18 2025,3:30 PM,Sat,(4) Texas A&M,45,@,Arkansas,42,
525,9,Oct 18 2025,12:00 PM,Sat,Texas Christian,42,,Baylor,36,
526,9,Oct 18 2025,2:00 PM,Sat,Toledo,45,,Kent State,10,
527,9,Oct 18 2025,3:00 PM,Sat,Troy,37,@,Louisiana-Monroe,14,
528,9,Oct 18 2025,12:00 PM,Sat,Tulane,24,,Army,17,
529,9,Oct 18 2025,7:00 PM,Sat,UCLA,20,,Maryland,17,
530,9,Oct 18 2025,12:00 PM,Sat,(17) Vanderbilt,31,,(10) Louisiana State,24,
531,9,Oct 18 2025,6:30 PM,Sat,(18) Virginia,22,,Washington State,20,
532,10,Oct 21 2025,7:00 PM,Tue,Kennesaw State,45,@,Florida International,26,
533,10,Oct 21 2025,7:30 PM,Tue,Western Kentucky,28,@,Louisiana Tech,27,
534,10,Oct 22 2025,7:30 PM,Wed,Delaware,31,,Middle Tennessee State,28,
535,10,Oct 22 2025,9:00 PM,Wed,Missouri State,24,@,New Mexico State,17,
536,10,Oct 23 2025,7:30 PM,Thu,South Alabama,38,@,Georgia State,31,
537,10,Oct 24 2025,10:00 PM,Fri,Boise State,24,@,Nevada,3,
538,10,Oct 24 2025,7:00 PM,Fri,North Texas,54,@,Charlotte,20,
539,10,Oct 24 2025,7:30 PM,Fri,Virginia Tech,42,,California,34,
540,10,Oct 25 2025,1:00 PM,Sat,Akron,24,@,Buffalo,16,
541,10,Oct 25 2025,3:30 PM,Sat,(4) Alabama,29,@,South Carolina,22,
542,10,Oct 25 2025,7:00 PM,Sat,Arkansas State,34,,Georgia Southern,24,
543,10,Oct 25 2025,12:45 PM,Sat,Auburn,33,@,Arkansas,24,
544,10,Oct 25 2025,3:30 PM,Sat,(11) Brigham Young,41,@,Iowa State,27,
545,10,Oct 25 2025,3:30 PM,Sat,Central Michigan,38,,Massachusetts,13,
546,10,Oct 25 2025,4:00 PM,Sat,(21) Cincinnati,41,,Baylor,20,
547,10,Oct 25 2025,12:00 PM,Sat,(7) Georgia Tech,41,,Syracuse,16,
548,10,Oct 25 2025,8:00 PM,Sat,Houston,24,@,(24) Arizona State,16,
549,10,Oct 25 2025,12:00 PM,Sat,(2) Indiana,56,,UCLA,6,
550,10,Oct 25 2025,3:30 PM,Sat,Iowa,41,,Minnesota,3,
551,10,Oct 25 2025,12:00 PM,Sat,Kansas State,42,@,Kansas,17,
552,10,Oct 25 2025,12:00 PM,Sat,Kent State,24,,Bowling Green,21,
553,10,Oct 25 2025,7:30 PM,Sat,(19) Louisville,38,,Boston College,24,
554,10,Oct 25 2025,12:00 PM,Sat,Memphis,34,,(18) South Florida,31,
555,10,Oct 25 2025,7:00 PM,Sat,(9) Miami (FL),42,,Stanford,7,
556,10,Oct 25 2025,3:30 PM,Sat,Miami (OH),26,,Western Michigan,17,
557,10,Oct 25 2025,7:30 PM,Sat,(25) Michigan,31,@,Michigan State,20,
558,10,Oct 25 2025,12:00 PM,Sat,(8) Mississippi,34,@,(13) Oklahoma,26,
559,10,Oct 25 2025,3:30 PM,Sat,Navy,42,,Florida Atlantic,32,
560,10,Oct 25 2025,12:00 PM,Sat,Nebraska,28,,Northwestern,21,
561,10,Oct 25 2025,3:00 PM,Sat,New Mexico,33,,Utah State,14,
562,10,Oct 25 2025,3:30 PM,Sat,Northern Illinois,21,,Ball State,7,
563,10,Oct 25 2025,12:00 PM,Sat,Ohio,28,@,Eastern Michigan,21,
564,10,Oct 25 2025,12:00 PM,Sat,Old Dominion,24,,Appalachian State,21,
565,10,Oct 25 2025,7:00 PM,Sat,(6) Oregon,21,,Wisconsin,7,
566,10,Oct 25 2025,3:30 PM,Sat,Pittsburgh,53,,North Carolina State,34,
567,10,Oct 25 2025,3:00 PM,Sat,Rice,37,,Connecticut,34,
568,10,Oct 25 2025,12:00 PM,Sat,Rutgers,27,@,Purdue,24,
569,10,Oct 25 2025,3:30 PM,Sat,San Diego State,23,@,Fresno State,0,
570,10,Oct 25 2025,3:30 PM,Sat,Southern Mississippi,49,,Louisiana-Monroe,21,
571,10,Oct 25 2025,3:30 PM,Sat,Temple,38,@,Tulsa,37,
572,10,Oct 25 2025,7:45 PM,Sat,(17) Tennessee,56,@,Kentucky,34,
573,10,Oct 25 2025,4:15 PM,Sat,(22) Texas,45,@,Mississippi State,38,
574,10,Oct 25 2025,7:30 PM,Sat,(3) Texas A&M,49,@,(20) Louisiana State,25,
575,10,Oct 25 2025,6:00 PM,Sat,Texas Christian,23,@,West Virginia,17,
576,10,Oct 25 2025,4:00 PM,Sat,(14) Texas Tech,42,,Oklahoma State,0,
577,10,Oct 25 2025,7:00 PM,Sat,Troy,35,,Louisiana,23,
578,10,Oct 25 2025,10:15 PM,Sat,Utah,53,,Colorado,7,
579,10,Oct 25 2025,3:30 PM,Sat,(10) Vanderbilt,17,,(15) Missouri,10,
580,10,Oct 25 2025,12:00 PM,Sat,(16) Virginia,17,@,North Carolina,16,
581,10,Oct 25 2025,12:00 PM,Sat,Wake Forest,13,,Southern Methodist,12,
582,10,Oct 25 2025,3:30 PM,Sat,Washington,42,,(23) Illinois,25,
583,10,Oct 25 2025,3:30 PM,Sat,Washington State,28,,Toledo,7,
584,10,Oct 25 2025,7:30 PM,Sat,Wyoming,28,,Colorado State,0,
585,11,Oct 28 2025,8:00 PM,Tue,James Madison,52,@,Texas State,20,
586,11,Oct 28 2025,8:00 PM,Tue,Kennesaw State,33,,Texas-El Paso,20,
587,11,Oct 29 2025,7:30 PM,Wed,Jacksonville State,24,@,Middle Tennessee State,21,
588,11,Oct 29 2025,8:00 PM,Wed,Missouri State,28,,Florida International,21,
589,11,Oct 30 2025,7:30 PM,Thu,Coastal Carolina,44,,Marshall,27,
590,11,Oct 30 2025,7:30 PM,Thu,Texas-San Antonio,48,,Tulane,26,
591,11,Oct 31 2025,8:00 PM,Fri,Louisiana Tech,55,,Sam Houston,14,
592,11,Oct 31 2025,7:00 PM,Fri,(25) Memphis,38,@,Rice,14,
593,11,Oct 31 2025,7:30 PM,Fri,North Carolina,27,@,Syracuse,10,
594,11,Nov 1 2025,7:00 PM,Sat,Arizona,52,@,Colorado,17,
595,11,Nov 1 2025,1:00 PM,Sat,Arizona State,24,@,Iowa State,19,
596,11,Nov 1 2025,8:00 PM,Sat,Arkansas State,23,@,Troy,10,
597,11,Nov 1 2025,12:00 PM,Sat,Army,20,@,Air Force,17,
598,11,Nov 1 2025,12:00 PM,Sat,Baylor,30,,Central Florida,3,
599,11,Nov 1 2025,12:00 PM,Sat,Buffalo,28,@,Bowling Green,3,
600,11,Nov 1 2025,12:00 PM,Sat,Connecticut,38,,Alabama-Birmingham,19,
601,11,Nov 1 2025,12:00 PM,Sat,Duke,46,@,Clemson,45,
602,11,Nov 1 2025,2:00 PM,Sat,East Carolina,45,@,Temple,14,
603,11,Nov 1 2025,7:30 PM,Sat,Florida State,42,,Wake Forest,7,
604,11,Nov 1 2025,3:30 PM,Sat,Fresno State,30,@,Boise State,7,
605,11,Nov 1 2025,3:30 PM,Sat,(5) Georgia,24,N,Florida,20,
606,11,Nov 1 2025,12:00 PM,Sat,Illinois,35,,Rutgers,13,
607,11,Nov 1 2025,3:30 PM,Sat,(2) Indiana,55,@,Maryland,10,
608,11,Nov 1 2025,4:00 PM,Sat,Kansas,38,,Oklahoma State,21,
609,11,Nov 1 2025,7:30 PM,Sat,Kentucky,10,@,Auburn,3,
610,11,Nov 1 2025,3:30 PM,Sat,Liberty,59,,Delaware,30,
611,11,Nov 1 2025,3:30 PM,Sat,Louisiana,31,@,South Alabama,22,
612,11,Nov 1 2025,3:00 PM,Sat,(16) Louisville,28,@,Virginia Tech,16,
613,11,Nov 1 2025,7:00 PM,Sat,(21) Michigan,21,,Purdue,16,
614,11,Nov 1 2025,3:30 PM,Sat,Minnesota,23,,Michigan State,20,
615,11,Nov 1 2025,7:00 PM,Sat,(7) Mississippi,30,,South Carolina,14,
616,11,Nov 1 2025,4:00 PM,Sat,Mississippi State,38,@,Arkansas,35,
617,11,Nov 1 2025,3:00 PM,Sat,New Mexico,40,@,Nevada-Las Vegas,35,
618,11,Nov 1 2025,7:30 PM,Sat,North Carolina State,48,,(8) Georgia Tech,36,
619,11,Nov 1 2025,12:00 PM,Sat,North Texas,31,,Navy,17,
620,11,Nov 1 2025,3:30 PM,Sat,(12) Notre Dame,25,@,Boston College,10,
621,11,Nov 1 2025,12:00 PM,Sat,(1) Ohio State,38,,Penn State,14,
622,11,Nov 1 2025,7:30 PM,Sat,(18) Oklahoma,33,@,(14) Tennessee,27,
623,11,Nov 1 2025,3:30 PM,Sat,Old Dominion,31,@,Louisiana-Monroe,6,
624,11,Nov 1 2025,7:30 PM,Sat,Oregon State,10,,Washington State,7,
625,11,Nov 1 2025,3:30 PM,Sat,Pittsburgh,35,@,Stanford,20,
626,11,Nov 1 2025,7:00 PM,Sat,San Diego State,24,,Wyoming,7,
627,11,Nov 1 2025,10:30 PM,Sat,San Jose State,45,,Hawaii,38,
628,11,Nov 1 2025,7:30 PM,Sat,(23) Southern California,21,@,Nebraska,17,
629,11,Nov 1 2025,12:00 PM,Sat,Southern Methodist,26,,(10) Miami (FL),20,
630,11,Nov 1 2025,12:00 PM,Sat,(20) Texas,34,,(9) Vanderbilt,31,
631,11,Nov 1 2025,3:30 PM,Sat,(13) Texas Tech,43,@,Kansas State,20,
632,11,Nov 1 2025,10:15 PM,Sat,(24) Utah,45,,(17) Cincinnati,14,
633,11,Nov 1 2025,3:45 PM,Sat,(15) Virginia,31,@,California,21,
634,11,Nov 1 2025,12:00 PM,Sat,West Virginia,45,@,(22) Houston,35,
635,11,Nov 1 2025,3:30 PM,Sat,Western Kentucky,35,,New Mexico State,16,
636,11,Nov 1 2025,4:00 PM,Sat,Western Michigan,24,,Central Michigan,21,
637,12,Nov 4 2025,7:00 PM,Tue,Akron,44,,Massachusetts,10,
638,12,Nov 4 2025,7:00 PM,Tue,Ohio,24,,Miami (OH),20,
639,12,Nov 5 2025,7:00 PM,Wed,Ball State,17,,Kent State,13,
640,12,Nov 5 2025,7:00 PM,Wed,Toledo,42,,Northern Illinois,3,
641,12,Nov 6 2025,7:30 PM,Thu,Georgia Southern,25,@,Appalachian State,23,
642,12,Nov 6 2025,7:30 PM,Thu,South Florida,55,,Texas-San Antonio,23,
643,12,Nov 7 2025,8:00 PM,Fri,Houston,30,@,Central Florida,27,
644,12,Nov 7 2025,9:00 PM,Fri,(20) Southern California,38,,Northwestern,17,
645,12,Nov 7 2025,9:00 PM,Fri,Tulane,38,@,(22) Memphis,32,
646,12,Nov 8 2025,6:00 PM,Sat,Air Force,26,@,San Jose State,16,
647,12,Nov 8 2025,7:30 PM,Sat,(4) Alabama,20,,Louisiana State,9,
648,12,Nov 8 2025,3:30 PM,Sat,Arizona,24,,Kansas,20,
649,12,Nov 8 2025,12:00 PM,Sat,Army,14,,Temple,13,
650,12,Nov 8 2025,7:00 PM,Sat,California,29,@,(14) Louisville,26,
651,12,Nov 8 2025,7:00 PM,Sat,Clemson,24,,Florida State,10,
652,12,Nov 8 2025,4:00 PM,Sat,Coastal Carolina,40,,Georgia State,27,
653,12,Nov 8 2025,3:30 PM,Sat,Connecticut,37,,Duke,34,
654,12,Nov 8 2025,3:00 PM,Sat,Delaware,25,,Louisiana Tech,24,
655,12,Nov 8 2025,3:00 PM,Sat,East Carolina,48,,Charlotte,22,
656,12,Nov 8 2025,1:00 PM,Sat,Eastern Michigan,27,,Bowling Green,21,
657,12,Nov 8 2025,3:00 PM,Sat,Florida Atlantic,40,,Tulsa,21,
658,12,Nov 8 2025,3:00 PM,Sat,Florida International,56,@,Middle Tennessee State,30,
659,12,Nov 8 2025,12:00 PM,Sat,(5) Georgia,41,@,Mississippi State,21,
660,12,Nov 8 2025,11:00 PM,Sat,Hawaii,38,,San Diego State,6,
661,12,Nov 8 2025,12:00 PM,Sat,(2) Indiana,27,@,Penn State,24,
662,12,Nov 8 2025,3:30 PM,Sat,Iowa State,20,@,Texas Christian,17,
663,12,Nov 8 2025,3:00 PM,Sat,Jacksonville State,30,@,Texas-El Paso,27,
664,12,Nov 8 2025,12:00 PM,Sat,James Madison,35,@,Marshall,23,
665,12,Nov 8 2025,4:00 PM,Sat,Kennesaw State,24,@,New Mexico State,21,
666,12,Nov 8 2025,7:30 PM,Sat,Kentucky,38,,Florida,7,
667,12,Nov 8 2025,5:00 PM,Sat,Louisiana,42,,Texas State,39,
668,12,Nov 8 2025,3:30 PM,Sat,(18) Miami (FL),38,,Syracuse,10,
669,12,Nov 8 2025,1:00 PM,Sat,(7) Mississippi,49,,Citadel,0,
670,12,Nov 8 2025,1:00 PM,Sat,Missouri State,21,@,Liberty,17,
671,12,Nov 8 2025,9:00 PM,Sat,Nebraska,28,@,UCLA,21,
672,12,Nov 8 2025,9:30 PM,Sat,Nevada-Las Vegas,42,@,Colorado State,10,
673,12,Nov 8 2025,4:30 PM,Sat,North Carolina,20,,Stanford,15,
674,12,Nov 8 2025,7:30 PM,Sat,(10) Notre Dame,49,,Navy,10,
675,12,Nov 8 2025,1:00 PM,Sat,(1) Ohio State,34,@,Purdue,10,
676,12,Nov 8 2025,3:40 PM,Sat,(6) Oregon,18,@,Iowa,16,
677,12,Nov 8 2025,2:00 PM,Sat,Rice,24,,Alabama-Birmingham,17,
678,12,Nov 8 2025,2:30 PM,Sat,Rutgers,35,,Maryland,20,
679,12,Nov 8 2025,10:00 PM,Sat,Sam Houston,21,@,Oregon State,17,
680,12,Nov 8 2025,12:00 PM,Sat,Southern Methodist,45,@,Boston College,13,
681,12,Nov 8 2025,12:00 PM,Sat,Southern Mississippi,27,@,Arkansas State,21,
682,12,Nov 8 2025,3:30 PM,Sat,(3) Texas A&M,38,@,(19) Missouri,17,
683,12,Nov 8 2025,12:00 PM,Sat,(9) Texas Tech,29,,(8) Brigham Young,7,
684,12,Nov 8 2025,7:30 PM,Sat,Utah State,51,,Nevada,14,
685,12,Nov 8 2025,4:00 PM,Sat,(15) Vanderbilt,45,,Auburn,38,
686,12,Nov 8 2025,7:00 PM,Sat,Wake Forest,16,@,(12) Virginia,9,
687,12,Nov 8 2025,12:00 PM,Sat,West Virginia,29,,Colorado,22,
688,12,Nov 8 2025,3:30 PM,Sat,Wisconsin,13,,(24) Washington,10,
689,13,Nov 11 2025,7:30 PM,Tue,Kent State,42,@,Akron,35,
690,13,Nov 11 2025,8:00 PM,Tue,Western Michigan,17,,Ohio,13,
691,13,Nov 12 2025,7:00 PM,Wed,Central Michigan,38,,Buffalo,19,
692,13,Nov 12 2025,7:00 PM,Wed,Northern Illinois,45,@,Massachusetts,3,
693,13,Nov 12 2025,7:00 PM,Wed,Toledo,24,@,Miami (OH),3,
694,13,Nov 13 2025,7:30 PM,Thu,Old Dominion,33,,Troy,0,
695,13,Nov 14 2025,7:30 PM,Fri,Clemson,20,@,(19) Louisville,19,
696,13,Nov 14 2025,9:00 PM,Fri,(7) Oregon,42,,Minnesota,13,
697,13,Nov 15 2025,12:00 PM,Sat,Arizona,30,@,(22) Cincinnati,24,
698,13,Nov 15 2025,1:00 PM,Sat,Arizona State,25,,West Virginia,23,
699,13,Nov 15 2025,10:15 PM,Sat,(12) Brigham Young,44,,Texas Christian,13,
700,13,Nov 15 2025,12:00 PM,Sat,Connecticut,26,,Air Force,16,
701,13,Nov 15 2025,4:00 PM,Sat,East Carolina,31,,Memphis,27,
702,13,Nov 15 2025,12:00 PM,Sat,Eastern Michigan,24,@,Ball State,9,
703,13,Nov 15 2025,5:00 PM,Sat,Florida International,34,,Liberty,27,
704,13,Nov 15 2025,7:30 PM,Sat,Florida State,34,,Virginia Tech,14,
705,13,Nov 15 2025,10:30 PM,Sat,Fresno State,24,,Wyoming,3,
706,13,Nov 15 2025,7:30 PM,Sat,(5) Georgia,35,,(10) Texas,10,
707,13,Nov 15 2025,6:00 PM,Sat,Georgia Southern,45,,Coastal Carolina,40,
708,13,Nov 15 2025,3:30 PM,Sat,(14) Georgia Tech,36,@,Boston College,34,
709,13,Nov 15 2025,3:30 PM,Sat,Illinois,24,,Maryland,6,
710,13,Nov 15 2025,12:00 PM,Sat,(2) Indiana,31,,Wisconsin,7,
711,13,Nov 15 2025,8:00 PM,Sat,Jacksonville State,35,,Kennesaw State,26,
712,13,Nov 15 2025,3:30 PM,Sat,(24) James Madison,58,,Appalachian State,10,
713,13,Nov 15 2025,12:00 PM,Sat,Kansas State,14,@,Oklahoma State,6,
714,13,Nov 15 2025,1:30 PM,Sat,Kentucky,42,,Tennessee Tech,10,
715,13,Nov 15 2025,12:45 PM,Sat,Louisiana State,23,,Arkansas,22,
716,13,Nov 15 2025,2:00 PM,Sat,Marshall,30,@,Georgia State,18,
717,13,Nov 15 2025,3:30 PM,Sat,(16) Miami (FL),41,,North Carolina State,7,
718,13,Nov 15 2025,12:00 PM,Sat,(18) Michigan,24,@,Northwestern,22,
719,13,Nov 15 2025,7:00 PM,Sat,(6) Mississippi,34,,Florida,24,
720,13,Nov 15 2025,7:45 PM,Sat,Missouri,49,,Mississippi State,27,
721,13,Nov 15 2025,3:00 PM,Sat,Missouri State,38,,Texas-El Paso,24,
722,13,Nov 15 2025,12:00 PM,Sat,Navy,41,,(25) South Florida,38,
723,13,Nov 15 2025,3:30 PM,Sat,Nevada,55,,San Jose State,10,
724,13,Nov 15 2025,7:00 PM,Sat,Nevada-Las Vegas,29,,Utah State,26,
725,13,Nov 15 2025,3:00 PM,Sat,New Mexico,20,,Colorado State,17,
726,13,Nov 15 2025,2:00 PM,Sat,North Texas,53,@,Alabama-Birmingham,24,
727,13,Nov 15 2025,12:00 PM,Sat,(9) Notre Dame,37,@,(23) Pittsburgh,15,
728,13,Nov 15 2025,7:30 PM,Sat,(1) Ohio State,48,,UCLA,10,
729,13,Nov 15 2025,3:30 PM,Sat,(11) Oklahoma,23,@,(4) Alabama,21,
730,13,Nov 15 2025,3:30 PM,Sat,Penn State,28,@,Michigan State,10,
731,13,Nov 15 2025,7:00 PM,Sat,Sam Houston,26,,Delaware,23,
732,13,Nov 15 2025,10:30 PM,Sat,San Diego State,17,,Boise State,7,
733,13,Nov 15 2025,3:30 PM,Sat,South Alabama,26,@,Louisiana-Monroe,14,
734,13,Nov 15 2025,3:30 PM,Sat,(17) Southern California,26,,Iowa,21,
735,13,Nov 15 2025,4:15 PM,Sat,(21) Tennessee,42,,New Mexico State,9,
736,13,Nov 15 2025,12:00 PM,Sat,(3) Texas A&M,31,,South Carolina,30,
737,13,Nov 15 2025,3:30 PM,Sat,Texas State,41,@,Southern Mississippi,14,
738,13,Nov 15 2025,3:30 PM,Sat,(8) Texas Tech,48,,Central Florida,9,
739,13,Nov 15 2025,12:00 PM,Sat,Texas-San Antonio,28,@,Charlotte,7,
740,13,Nov 15 2025,4:00 PM,Sat,Tulane,35,,Florida Atlantic,24,
741,13,Nov 15 2025,1:00 PM,Sat,Tulsa,31,,Oregon State,14,
742,13,Nov 15 2025,7:00 PM,Sat,(15) Utah,55,@,Baylor,28,
743,13,Nov 15 2025,3:30 PM,Sat,(20) Virginia,34,@,Duke,17,
744,13,Nov 15 2025,4:30 PM,Sat,Wake Forest,28,,North Carolina,12,
745,13,Nov 15 2025,7:00 PM,Sat,Washington,49,,Purdue,13,
746,13,Nov 15 2025,10:00 PM,Sat,Washington State,28,,Louisiana Tech,3,
747,13,Nov 15 2025,3:30 PM,Sat,Western Kentucky,42,,Middle Tennessee State,26,
748,14,Nov 18 2025,7:00 PM,Tue,Akron,19,@,Bowling Green,16,
749,14,Nov 18 2025,7:00 PM,Tue,Ohio,42,,Massachusetts,14,
750,14,Nov 18 2025,7:00 PM,Tue,Western Michigan,35,@,Northern Illinois,19,
751,14,Nov 19 2025,7:00 PM,Wed,Central Michigan,28,@,Kent State,16,
752,14,Nov 19 2025,7:00 PM,Wed,Miami (OH),37,@,Buffalo,20,
753,14,Nov 20 2025,7:30 PM,Thu,Louisiana,34,@,Arkansas State,30,
754,14,Nov 21 2025,10:30 PM,Fri,Nevada-Las Vegas,38,,Hawaii,10,
755,14,Nov 21 2025,8:00 PM,Fri,North Carolina State,21,,Florida State,11,
756,14,Nov 22 2025,2:00 PM,Sat,(10) Alabama,56,,Eastern Illinois,0,
757,14,Nov 22 2025,2:30 PM,Sat,Appalachian State,26,,Marshall,24,
758,14,Nov 22 2025,1:00 PM,Sat,Arizona,41,,Baylor,17,
759,14,Nov 22 2025,8:00 PM,Sat,Arizona State,42,@,Colorado,17,
760,14,Nov 22 2025,2:00 PM,Sat,Auburn,62,,Mercer,17,
761,14,Nov 22 2025,7:00 PM,Sat,Boise State,49,,Colorado State,21,
762,14,Nov 22 2025,8:00 PM,Sat,(11) Brigham Young,26,@,Cincinnati,14,
763,14,Nov 22 2025,4:00 PM,Sat,Central Florida,17,,Oklahoma State,14,
764,14,Nov 22 2025,4:30 PM,Sat,Clemson,45,,Furman,10,
765,14,Nov 22 2025,3:00 PM,Sat,Connecticut,48,@,Florida Atlantic,45,
766,14,Nov 22 2025,3:30 PM,Sat,Duke,32,@,North Carolina,25,
767,14,Nov 22 2025,3:30 PM,Sat,Florida International,27,,Jacksonville State,21,
768,14,Nov 22 2025,12:45 PM,Sat,(4) Georgia,35,,Charlotte,3,
769,14,Nov 22 2025,3:35 PM,Sat,Iowa,20,,Michigan State,17,
770,14,Nov 22 2025,12:00 PM,Sat,Iowa State,38,,Kansas,14,
771,14,Nov 22 2025,1:00 PM,Sat,(21) James Madison,24,,Washington State,20,
772,14,Nov 22 2025,2:00 PM,Sat,Kennesaw State,41,,Missouri State,34,
773,14,Nov 22 2025,7:45 PM,Sat,Louisiana State,13,,Western Kentucky,10,
774,14,Nov 22 2025,3:00 PM,Sat,Louisiana Tech,34,,Liberty,28,
775,14,Nov 22 2025,12:00 PM,Sat,(14) Miami (FL),34,@,Virginia Tech,17,
776,14,Nov 22 2025,4:00 PM,Sat,(18) Michigan,45,@,Maryland,20,
777,14,Nov 22 2025,3:00 PM,Sat,Middle Tennessee State,31,,Sam Houston,17,
778,14,Nov 22 2025,2:00 PM,Sat,Nevada,13,@,Wyoming,7,
779,14,Nov 22 2025,7:00 PM,Sat,New Mexico,20,@,Air Force,3,
780,14,Nov 22 2025,3:00 PM,Sat,New Mexico State,34,@,Texas-El Paso,31,
781,14,Nov 22 2025,7:30 PM,Sat,(22) North Texas,56,@,Rice,24,
782,14,Nov 22 2025,12:00 PM,Sat,Northwestern,38,,Minnesota,35,
783,14,Nov 22 2025,3:30 PM,Sat,(9) Notre Dame,70,,Syracuse,7,
784,14,Nov 22 2025,12:00 PM,Sat,(1) Ohio State,42,,Rutgers,9,
785,14,Nov 22 2025,12:00 PM,Sat,(8) Oklahoma,17,,(23) Missouri,6,
786,14,Nov 22 2025,1:00 PM,Sat,Old Dominion,45,@,Georgia Southern,10,
787,14,Nov 22 2025,3:30 PM,Sat,(6) Oregon,42,,(16) Southern California,27,
788,14,Nov 22 2025,7:00 PM,Sat,Penn State,37,,Nebraska,10,
789,14,Nov 22 2025,7:00 PM,Sat,Pittsburgh,42,@,(15) Georgia Tech,28,
790,14,Nov 22 2025,10:30 PM,Sat,San Diego State,25,,San Jose State,3,
791,14,Nov 22 2025,3:30 PM,Sat,South Alabama,42,,Southern Mississippi,35,
792,14,Nov 22 2025,4:15 PM,Sat,South Carolina,51,,Coastal Carolina,7,
793,14,Nov 22 2025,3:00 PM,Sat,South Florida,48,@,Alabama-Birmingham,18,
794,14,Nov 22 2025,12:00 PM,Sat,Southern Methodist,38,,Louisville,6,
795,14,Nov 22 2025,7:30 PM,Sat,Stanford,31,,California,10,
796,14,Nov 22 2025,7:30 PM,Sat,(20) Tennessee,31,@,Florida,11,
797,14,Nov 22 2025,3:30 PM,Sat,(17) Texas,52,,Arkansas,37,
798,14,Nov 22 2025,12:00 PM,Sat,(3) Texas A&M,48,,Samford,0,
799,14,Nov 22 2025,4:00 PM,Sat,Texas Christian,17,@,(25) Houston,14,
800,14,Nov 22 2025,5:00 PM,Sat,Texas State,31,,Louisiana-Monroe,14,
801,14,Nov 22 2025,3:30 PM,Sat,Texas-San Antonio,58,,East Carolina,24,
802,14,Nov 22 2025,2:00 PM,Sat,Toledo,38,,Ball State,9,
803,14,Nov 22 2025,4:00 PM,Sat,Troy,31,,Georgia State,19,
804,14,Nov 22 2025,3:45 PM,Sat,(24) Tulane,37,@,Temple,13,
805,14,Nov 22 2025,12:00 PM,Sat,Tulsa,26,@,Army,25,
806,14,Nov 22 2025,4:00 PM,Sat,(13) Utah,51,,Kansas State,47,
807,14,Nov 22 2025,10:30 PM,Sat,Utah State,28,@,Fresno State,17,
808,14,Nov 22 2025,3:30 PM,Sat,(12) Vanderbilt,45,,Kentucky,17,
809,14,Nov 22 2025,12:00 PM,Sat,Wake Forest,52,,Delaware,14,
810,14,Nov 22 2025,10:30 PM,Sat,Washington,48,@,UCLA,14,
811,14,Nov 22 2025,7:30 PM,Sat,Wisconsin,27,,Illinois,10,
812,15,Nov 25 2025,4:30 PM,Tue,Bowling Green,,@,Massachusetts,,
813,15,Nov 25 2025,7:30 PM,Tue,Western Michigan,,@,Eastern Michigan,,
814,15,Nov 27 2025,7:30 PM,Thu,Navy,,@,Memphis,,
815,15,Nov 28 2025,3:00 PM,Fri,Air Force,,@,Colorado State,,
816,15,Nov 28 2025,9:00 PM,Fri,Arizona,,@,Arizona State,,
817,15,Nov 28 2025,4:00 PM,Fri,Boise State,,@,Utah State,,
818,15,Nov 28 2025,3:30 PM,Fri,(4) Georgia,,@,(15) Georgia Tech,,
819,15,Nov 28 2025,7:30 PM,Fri,(2) Indiana,,@,Purdue,,
820,15,Nov 28 2025,12:00 PM,Fri,Iowa,,@,Nebraska,,
821,15,Nov 28 2025,12:00 PM,Fri,Kent State,,@,Northern Illinois,,
822,15,Nov 28 2025,12:00 PM,Fri,(5) Mississippi,,@,Mississippi State,,
823,15,Nov 28 2025,12:00 PM,Fri,Ohio,,@,Buffalo,,
824,15,Nov 28 2025,3:30 PM,Fri,San Diego State,,@,New Mexico,,
825,15,Nov 28 2025,3:30 PM,Fri,Temple,,@,(22) North Texas,,
826,15,Nov 28 2025,7:30 PM,Fri,(3) Texas A&M,,@,(17) Texas,,
827,15,Nov 28 2025,12:00 PM,Fri,(13) Utah,,@,Kansas,,
828,15,Nov 29 2025,7:30 PM,Sat,(10) Alabama,,@,Auburn,,
829,15,Nov 29 2025,3:00 PM,Sat,Alabama-Birmingham,,@,Tulsa,,
830,15,Nov 29 2025,2:30 PM,Sat,Arkansas State,,@,Appalachian State,,
831,15,Nov 29 2025,3:30 PM,Sat,Army,,@,Texas-San Antonio,,
832,15,Nov 29 2025,12:00 PM,Sat,Ball State,,@,Miami (OH),,
833,15,Nov 29 2025,3:00 PM,Sat,Boston College,,@,Syracuse,,
834,15,Nov 29 2025,TBD,Sat,Central Florida,,@,(11) Brigham Young,,
835,15,Nov 29 2025,TBD,Sat,Charlotte,,@,(24) Tulane,,
836,15,Nov 29 2025,TBD,Sat,Cincinnati,,@,Texas Christian,,
837,15,Nov 29 2025,12:00 PM,Sat,Clemson,,@,South Carolina,,
838,15,Nov 29 2025,TBD,Sat,Colorado,,@,Kansas State,,
839,15,Nov 29 2025,TBD,Sat,East Carolina,,@,Florida Atlantic,,
840,15,Nov 29 2025,1:00 PM,Sat,Florida International,,@,Sam Houston,,
841,15,Nov 29 2025,TBD,Sat,Florida State,,@,Florida,,
842,15,Nov 29 2025,10:30 PM,Sat,Fresno State,,@,San Jose State,,
843,15,Nov 29 2025,1:30 PM,Sat,Georgia Southern,,@,Marshall,,
844,15,Nov 29 2025,2:00 PM,Sat,Georgia State,,@,Old Dominion,,
845,15,Nov 29 2025,TBD,Sat,(25) Houston,,@,Baylor,,
846,15,Nov 29 2025,12:00 PM,Sat,Iowa State,,@,Oklahoma State,,
847,15,Nov 29 2025,3:45 PM,Sat,(21) James Madison,,@,Coastal Carolina,,
848,15,Nov 29 2025,3:30 PM,Sat,Kennesaw State,,@,Liberty,,
849,15,Nov 29 2025,12:00 PM,Sat,Kentucky,,@,Louisville,,
850,15,Nov 29 2025,TBD,Sat,Louisiana State,,@,(8) Oklahoma,,
851,15,Nov 29 2025,2:00 PM,Sat,Louisiana Tech,,@,Missouri State,,
852,15,Nov 29 2025,3:00 PM,Sat,Louisiana-Monroe,,@,Louisiana,,
853,15,Nov 29 2025,7:00 PM,Sat,Maryland,,@,Michigan State,,
854,15,Nov 29 2025,TBD,Sat,(14) Miami (FL),,@,Pittsburgh,,
855,15,Nov 29 2025,3:00 PM,Sat,Middle Tennessee State,,@,New Mexico State,,
856,15,Nov 29 2025,3:30 PM,Sat,(23) Missouri,,@,Arkansas,,
857,15,Nov 29 2025,9:00 PM,Sat,Nevada-Las Vegas,,@,Nevada,,
858,15,Nov 29 2025,7:30 PM,Sat,North Carolina,,@,North Carolina State,,
859,15,Nov 29 2025,7:30 PM,Sat,Northwestern,,@,Illinois,,
860,15,Nov 29 2025,10:30 PM,Sat,(9) Notre Dame,,@,Stanford,,
861,15,Nov 29 2025,12:00 PM,Sat,(1) Ohio State,,@,(18) Michigan,,
862,15,Nov 29 2025,TBD,Sat,(6) Oregon,,@,Washington,,
863,15,Nov 29 2025,6:30 PM,Sat,Oregon State,,@,Washington State,,
864,15,Nov 29 2025,3:30 PM,Sat,Penn State,,@,Rutgers,,
865,15,Nov 29 2025,7:00 PM,Sat,Rice,,@,South Florida,,
866,15,Nov 29 2025,3:00 PM,Sat,South Alabama,,@,Texas State,,
867,15,Nov 29 2025,TBD,Sat,Southern Methodist,,@,California,,
868,15,Nov 29 2025,TBD,Sat,(6) Texas Tech,,@,West Virginia,,
869,15,Nov 29 2025,1:00 PM,Sat,Texas-El Paso,,@,Delaware,,
870,15,Nov 29 2025,12:00 PM,Sat,Toledo,,@,Central Michigan,,
871,15,Nov 29 2025,3:30 PM,Sat,Troy,,@,Southern Mississippi,,
872,15,Nov 29 2025,TBD,Sat,UCLA,,@,(16) Southern California,,
873,15,Nov 29 2025,TBD,Sat,(12) Vanderbilt,,@,(20) Tennessee,,
874,15,Nov 29 2025,TBD,Sat,Virginia Tech,,@,(19) Virginia,,
875,15,Nov 29 2025,TBD,Sat,Wake Forest,,@,Duke,,
876,15,Nov 29 2025,2:00 PM,Sat,Western Kentucky,,@,Jacksonville State,,
877,15,Nov 29 2025,3:30 PM,Sat,Wisconsin,,@,Minnesota,,
878,15,Nov 29 2025,11:00 PM,Sat,Wyoming,,@,Hawaii,,
879,16,Dec 13 2025,3:00 PM,Sat,Army,,N,Navy,,